<?xml version="1.0" encoding="UTF-8"?>
<!--
  ~ Licensed to the Apache Software Foundation (ASF) under one
  ~ or more contributor license agreements.  See the NOTICE file
  ~ distributed with this work for additional information
  ~ regarding copyright ownership.  The ASF licenses this file
  ~ to you under the Apache License, Version 2.0 (the
  ~ "License"); you may not use this file except in compliance
  ~ with the License.  You may obtain a copy of the License at
  ~
  ~    http://www.apache.org/licenses/LICENSE-2.0
  ~
  ~ Unless required by applicable law or agreed to in writing,
  ~ software distributed under the License is distributed on an
  ~ "AS IS" BASIS, WITHOUT WARRANTIES OR CONDITIONS OF ANY
  ~ KIND, either express or implied.  See the License for the
  ~ specific language governing permissions and limitations
  ~ under the License.
  -->
<assembly>
  <!-- id typically identifies the "type" (src vs bin etc) of the assembly -->
  <id></id>
  <includeBaseDirectory>false</includeBaseDirectory>
  <formats>
    <format>war</format>
  </formats>

  <fileSets>
    <fileSet>
      <directory>${project.build.directory}/axis2-webapp</directory>
      <outputDirectory>/</outputDirectory>
    </fileSet>

    <fileSet>
      <directory>src/main/webapp</directory>
      <outputDirectory>/</outputDirectory>
    </fileSet>

    <fileSet>
      <directory>${basedir}/../dao-jpa-ojpa-derby/target/derby</directory>
      <outputDirectory>/WEB-INF</outputDirectory>
    </fileSet>

    <fileSet>
      <directory>${basedir}/../dao-hibernate-db/target/derby</directory>
      <outputDirectory>/WEB-INF</outputDirectory>
    </fileSet>

    <fileSet>
      <directory>${basedir}/../axis2/src/main/wsdl</directory>
      <outputDirectory>/WEB-INF</outputDirectory>
    </fileSet>

    <fileSet>
      <directory>${basedir}/../bpel-schemas/src/main/xsd</directory>
      <outputDirectory>/WEB-INF</outputDirectory>
      <includes>
      	<include>pmapi.xsd</include>
      </includes>
    </fileSet>

  </fileSets>

  <dependencySets>
    
    <dependencySet>
      <outputDirectory>/WEB-INF/lib</outputDirectory>
      <includes>
	<include>org.apache.ode:ode-bpel-api</include>
	<include>org.apache.ode:ode-bpel-compiler</include>
	<include>org.apache.ode:ode-bpel-connector</include>
	<include>org.apache.ode:ode-bpel-dao</include>
	<include>org.apache.ode:ode-axis2</include>
	<include>org.apache.ode:ode-bpel-epr</include>
	<include>org.apache.ode:ode-bpel-runtime</include>
	<include>org.apache.ode:ode-scheduler-simple</include>
	<include>org.apache.ode:ode-bpel-schemas</include>
	<include>org.apache.ode:ode-bpel-store</include>
	<include>org.apache.ode:ode-dao-hibernate</include>
	<include>org.apache.ode:ode-jacob</include>
	<include>org.apache.ode:ode-jca-ra</include>
	<include>org.apache.ode:ode-jca-server</include>
	<include>org.apache.ode:ode-utils</include>
    <include>org.apache.ode:ode-agents</include>
    <include>org.apache.ode:ode-bpel-obj</include>
	<include>org.apache.ode:ode-dao-jpa</include>
	<include>org.apache.ode:ode-bpel-ql</include>
	<include>annogen:annogen</include>
	<include>antlr:antlr</include>
	<include>javax.activation:activation</include>
	<include>org.apache.axis2:axis2-adb</include>
	<include>org.apache.axis2:axis2-adb-codegen</include>
	<include>org.apache.axis2:axis2-codegen</include>
	<include>org.apache.axis2:axis2-fastinfoset</include>
	<include>org.apache.axis2:axis2-java2wsdl</include>
	<include>org.apache.axis2:axis2-jaxbri</include>
	<include>org.apache.axis2:axis2-jaxws</include>
	<include>org.apache.axis2:axis2-jaxws-api</include>
	<include>org.apache.axis2:axis2-jibx</include>
	<include>org.apache.axis2:axis2-json</include>
	<include>org.apache.axis2:axis2-jws-api</include>
	<include>org.apache.axis2:axis2-kernel</include>
	<include>org.apache.axis2:axis2-metadata</include>
	<include>org.apache.axis2:axis2-mtompolicy</include>
	<include>org.apache.axis2:axis2-saaj</include>
	<include>org.apache.axis2:axis2-saaj-api</include>
	<include>org.apache.axis2:axis2-spring</include>
	<include>org.apache.axis2:axis2-xmlbeans</include>
	<include>org.apache.ws.commons.axiom:axiom-api</include>  
	<include>org.apache.ws.commons.axiom:axiom-impl</include>
	<include>org.apache.ws.commons.axiom:axiom-dom</include>
	<include>backport-util-concurrent:backport-util-concurrent</include>
	<include>commons-codec:commons-codec</include> 
	<include>commons-collections:commons-collections</include>
	<include>commons-lang:commons-lang</include> 
	<include>commons-pool:commons-pool</include>
	<include>commons-io:commons-io</include>
	<include>commons-beanutils:commons-beanutils</include>
	<include>commons-httpclient:commons-httpclient</include>
	<include>commons-logging:commons-logging</include> 
	<include>commons-fileupload:commons-fileupload</include>
	<include>commons-primitives:commons-primitives</include> 
	<include>org.apache.derby:derby</include>
	<include>org.apache.derby:derbytools</include>  
	<include>org.apache.geronimo.specs:geronimo-ejb_2.1_spec</include> 
	<include>org.apache.geronimo.specs:geronimo-j2ee-connector_1.5_spec</include> 
	<include>org.apache.geronimo.specs:geronimo-jta_1.1_spec</include> 
	<include>org.apache.geronimo.specs:geronimo-activation_1.1_spec</include> 
	<include>org.apache.geronimo.specs:geronimo-stax-api_1.0_spec</include>
	<include>org.apache.geronimo.specs:geronimo-javamail_1.4_spec</include>
	<include>org.apache.geronimo.specs:geronimo-annotation_1.0_spec</include>
	<include>geronimo-spec:geronimo-spec-jms</include>
	<include>org.apache.geronimo.modules:geronimo-kernel</include>
	<include>org.apache.geronimo.components:geronimo-transaction</include>
	<include>org.apache.geronimo.components:geronimo-connector</include>  
	<include>org.apache.woden:woden</include> 
	<include>woodstox:wstx-asl</include> 
	<include>org.apache.neethi:neethi</include> 
	<include>org.apache.ws.commons.schema:XmlSchema</include>
	<include>xerces:xercesImpl</include>
	<include>org.apache.rampart:rampart-core</include>
	<include>org.apache.rampart:rampart-policy</include>
	<include>org.apache.rampart:rampart-trust</include>
	<include>org.apache.ws.security:wss4j</include> 
	<include>org.apache.santuario:xmlsec</include> 
	<include>org.apache.axis2:mex:jar:impl</include> 
	<include>org.opensaml:opensaml</include> 
	<include>bouncycastle:bcprov-jdk15</include>
	<include>org.jibx:jibx-run</include>
	<include>org.jibx:jibx-bind</include>
	<include>org.codehaus.jettison:jettison</include>
	<include>jaxen:jaxen</include>  
	<include>log4j:log4j</include> 
	<include>org.apache.openjpa:openjpa</include> 
	<include>javax.persistence:persistence-api</include> 
	<include>net.sourceforge.serp:serp</include> 
	<include>net.sf.saxon:saxon</include>
	<include>net.sf.saxon:saxon-xpath</include>
	<include>net.sf.saxon:saxon-dom</include>
	<include>net.sf.saxon:saxon-xqj</include>
	<include>wsdl4j:wsdl4j</include>
	<include>tranql:tranql-connector</include>
	<include>xalan:xalan</include>
	<include>org.apache.xmlbeans:xmlbeans</include>
	<include>org.apache.httpcomponents:httpcore</include>
	<include>org.apache.httpcomponents:httpcore-nio</include>
	<include>javax.xml.bind:jaxb-api</include>
	<include>com.sun.xml.bind:jaxb-impl</include>
	<include>com.sun.xml.bind:jaxb-xjc</include>
	<include>xml-resolver:xml-resolver</include>
	<include>xml-apis:xml-apis</include>
	<include>javax.mail:mail</include>
	<include>axion:axion</include>    
	<include>org.springframework:spring</include>    
   </includes>
    </dependencySet>

    <dependencySet>
      <outputDirectory>/WEB-INF/modules</outputDirectory>
      <includes>
	    <include>org.apache.axis2:addressing:mar</include>
      </includes>
    </dependencySet>
  </dependencySets>

</assembly>
